{"cameraMode":{"drawMode":1,"name":"Wireframe","section":"Shading Mode"},"sceneLighting":true,"audioPlay":false,"sceneViewState":{"showFog":true,"showMaterialUpdate":false,"showSkybox":true,"showFlares":true,"showImageEffects":true,"showParticleSystems":true},"in2DMode":false,"pivot":{"x":42.1581916809082,"y":-106.6522445678711,"z":-1.9604519605636597},"rotation":{"x":0.1287245750427246,"y":-0.6950823664665222,"z":0.6955151557922363,"w":0.12864387035369874},"size":154.11729431152345,"orthographic":false}